<?xml version="1.0" encoding="UTF-8"?>
<configuration scan="true" scanPeriod="60 seconds" debug="false">
	<contextName>logback</contextName>
	<property name="log.path" value="/home/ubuntu/java/logs" />     
	<!--  输出到控制台 	 -->								
	<appender name="console" class="ch.qos.logback.core.ConsoleAppender">   
	<!-- 此日志appender是为开发使用，只配置最底级别，控制台输出的日志级别是大于或等于此级别的日志信息       --> 
		<filter class="ch.qos.logback.classic.filter.ThresholdFilter">				
			<level>debug</level>
		</filter>
		<encoder>
			<pattern>%d{yyyy-MM-dd HH:mm:ss.SSS} %contextName [%thread] %-5level
				%logger{36} - %msg%n</pattern>
			<charset>utf-8</charset>
		</encoder>
	</appender>      
	<!-- 输出到debug -->
	<appender name="debug"
		class="ch.qos.logback.core.rolling.RollingFileAppender">
		<rollingPolicy class="ch.qos.logback.core.rolling.TimeBasedRollingPolicy">
			<fileNamePattern>${log.path}/debug/logback-debug-%d{yyyy-MM-dd}.log
			</fileNamePattern>
			<!-- 最大保存时间 -->
			<maxHistory>30</maxHistory>
		</rollingPolicy>
		<append>true</append>
		<encoder>
			<pattern>%d{yyyy-MM-dd HH:mm:ss.SSS} %contextName [%thread] %-5level
				%logger{36} - %msg%n</pattern>
			<charset>utf-8</charset>
		</encoder>
		<!-- 只打印DEBUG日志 -->
		<filter class="ch.qos.logback.classic.filter.LevelFilter">
			<level>DEBUG</level>
			<onMatch>ACCEPT</onMatch>
			<onMismatch>DENY</onMismatch>
		</filter>
	</appender>      
	<!--  输出到info -->
	<appender name="info"
		class="ch.qos.logback.core.rolling.RollingFileAppender">
		<rollingPolicy class="ch.qos.logback.core.rolling.TimeBasedRollingPolicy">
			<fileNamePattern>${log.path}/info/logback-info-%d{yyyy-MM-dd}.log
			</fileNamePattern>
			<!-- 最大保存时间 -->
			<maxHistory>30</maxHistory>
		</rollingPolicy>
		<append>true</append>
		<encoder>
			<pattern>%d{yyyy-MM-dd HH:mm:ss.SSS} %contextName [%thread] %-5level
				%logger{36} - %msg%n</pattern>
			<charset>utf-8</charset>
		</encoder>
		 <filter class="ch.qos.logback.classic.filter.ThresholdFilter">   
      		<level>INFO</level>   
   		 </filter>  
	</appender>    
	<!-- 分别设置对应的日志输出节点 -->
	<root level="info">
		<appender-ref ref="console" />
		<appender-ref ref="debug" />
		<appender-ref ref="info" />
	</root>
</configuration> 